id,comparison_chat_id,role,text,timestamp
1,1,user,what is the ROI of both projects ,2025-11-27T11:06:37.992159
2,1,assistant,"Based on the provided Detailed Project Reports, here is the Return on Investment (ROI), represented by the Internal Rate of Return (IRR), for both projects:

**Return on Investment (IRR) Comparison**

| Project Document      | Project Type            | Internal Rate of Return (IRR) | Page Reference      |
| :-------------------- | :---------------------- | :------------------------------ | :------------------ |
| **Document 1**        | Goat Rearing Unit       | **43%**                         | (Doc 1, page: 14)   |
| **Document 2**        | Pig Rearing Farm        | **21.66%** (Summary)            | (Doc 2, page: 4, 12) |
|                       |                         | **21.16%** (Financial Analysis) | (Doc 2, page: 18)   |

**Analysis:**

*   **Document 1 (Goat Rearing Unit)** shows a significantly higher Internal Rate of Return (IRR) of 43% compared to the Pig Rearing Farm project. This indicates that, based on the projected cash flows, the goat rearing unit is expected to yield a much higher return on the initial investment over its lifetime.
*   **Document 2 (Pig Rearing Farm)** reports an IRR of 21.66% in its Executive Summary and Project Viability sections (Doc 2, page: 4, 12), and 21.16% in the detailed Financial Analysis table (Doc 2, page: 18). While there is a slight discrepancy of 0.5% between the summary and the detailed table, both values suggest a healthy but comparatively lower return than the goat rearing project. An IRR above the cost of capital is generally considered financially viable.

**Comparative Insight:**
The Goat Rearing Unit (Document 1) appears to be a more financially attractive investment in terms of its projected IRR, offering more than double the return of the Pig Rearing Farm (Document 2). This higher IRR suggests a faster recoupment of initial investment and greater profitability for the Goat Rearing Unit under the given assumptions.",2025-11-27T11:06:49.526055
3,1,user,what is the ROI of this new peoject ,2025-11-27T11:11:38.098047
4,1,assistant,"As an expert DPR Analyzer, I can provide the Return on Investment (ROI), represented by the Internal Rate of Return (IRR), for each of the new projects presented in the provided documents:

1.  **DPR for Establishment of Goatery Unit (Document 1)**
    *   The Internal Rate of Return (IRR) for the Goatery Unit project is **43%**. (Doc 1, page: 14)

2.  **DPR on Setting Up of a Pig Rearing Farm (Document 2)**
    *   The Internal Rate of Return (IRR) for the Pig Rearing Farm project is **21.66%** as stated in the Executive Summary (Doc 2, page: 4) and further elaborated as **21.16%** in the Financial Analysis section (Doc 2, page: 18).

3.  **DPR on Setup of ""Agri Logistics Cooperative for Onion in Madhya Pradesh"" (Document 3)**
    *   The Internal Rate of Return (IRR) for the Agri Logistics Cooperative for Onion project is **20%**. (Doc 3, page: 19)

**Comparative Insight:**

The Goatery Unit project (Document 1) exhibits a significantly higher projected ROI (IRR of 43%) compared to both the Pig Rearing Farm (IRR of ~21%) and the Agri Logistics Cooperative for Onion (IRR of 20%). This suggests that, based on the techno-economic parameters and assumptions in their respective DPRs, the Goatery Unit project is expected to be the most financially attractive investment among the three.",2025-11-27T11:11:49.981692
